1,https://www.instagram.com/merklary_l?igsh=MTF6eXhyMmp3NDhpYg==
,
2,https://www.instagram.com/curly.bloger?igsh=MXZzaHU2bGVkYXpuNQ==
,
,
3,https://www.instagram.com/krrazalia?igsh=MWFvMG14cmI5am1xbA==
,
,
4,https://www.instagram.com/nev_pollyy?igsh=NzZydHlhY3gyMzBo
,
5,https://www.instagram.com/_crazy__unicorn__?igsh=MThjMmtxZ3dvazh2dQ==
6,https://www.instagram.com/demoiselle._.rie?igsh=MTRlb3ZpeHF6aTNwaQ==
,
7,https://www.instagram.com/shalafaeva.al?igsh=MXgxaGE0eHJpejhhcA==
8,https://www.instagram.com/kristi_naxodka?igsh=MXFvMWQyMjhmc2N6aQ==
,
,
,
10,https://www.instagram.com/yunglolaa?igsh=dzhzdXlxdG1oNmJq
,
,
11,https://www.instagram.com/sha_obzor.wb?igsh=MWZrZzY5YmdkenJuZg==
,
,
,
12,https://www.instagram.com/daria_grogulenko?igsh=MWZ6Z3JubTV5dGli&utm_source=qr
13,https://www.instagram.com/llaurraiiam?igsh=YzJsaDBpYnlkbHd3
14,https://www.instagram.com/lv_yana_lv?igsh=MWYzZ2luZG4zazQ0dQ==
15,МИША И КЕЙТ (@mishandkatya) • Instagram photos and videos
,
,
16,https://instagram.com/v.m.Beauty_blog?igshid=NTc4MTIwNjQ2YQ==
,
,
,
17,https://www.instagram.com/miysta_fatt_?igsh=aG5ycDhnanZlNmpq
,
18,https://www.instagram.com/juliar_r
,
,
,
19,https://www.instagram.com/_kate_bruni?igsh=Y3R4MDEzcG9zdWlk
,
,
,
20,https://www.instagram.com/jd_cosm?igsh=c3BvdGZwYXM3Znd0
,
,
21,https://www.instagram.com/habakher?igsh=Yjk4eTFqNG4yYWQ0
,
,
22,https://www.instagram.com/dddinaaaaaa?igsh=ODByMzQ1ejJkZDBl
23,https://www.instagram.com/janestetsiura?igsh=OTcwZHd0d2t2bzdo
24,https://www.instagram.com/ri_vls?igsh=MW40YTBobGx2Z2FkYg==
25,https://www.instagram.com/__aparina?igsh=MW1jYTZ1dTNtcnNhMw==
,
,
27,https://www.instagram.com/armlilitka
28,https://www.instagram.com/rtini.a13?igsh=MWE2NGRoYjNsdnJnMg==
29,https://www.instagram.com/aida.mixx?igsh=NjM1dnhheGtpZDEx
,
,
30,https://www.instagram.com/bazhenova_alenaa?igsh=MXZoaXY4MGk0aG1xcQ==
,
32,https://www.instagram.com/anetboss_?igsh=bXA4cjhnYmg1czZi
,
,
,
,
33,https://www.instagram.com/19.voron/profilecard/?igsh=bTI0dGh3bzM2bWU0
35,https://www.instagram.com/ninooochka2.0?igsh=YWNiZTRjY3Q0ZWs5
36,https://www.instagram.com/irinatitovaaa_?igsh=amM1cDkzMGw5MXdz
37,https://www.instagram.com/kotova.live?igsh=cDQ3OTFhenZlMnc0
,
,
38,https://instagram.com/zari.ishikhovaa?igshid=NGVhN2U2NjQ0Yg==